name,rating,snippet,temp_text,stemmed_text,tokenized_text,cleaned_text
Firdaus Agil Prasetyo,5.0,"Dari luar tampak seperti rumah hantu. Tapi lihatlah ketika anda masuk sini. Semuanya begitu sempurna, tempatnya bagus, ruangannya bagus full AC dimana mana. Perpusnya juga bagus. Dosennya juga ramah ramah komunikatif juga. Pokoknya anda ga bakalan nyesel kalo kuliah disini. Pembelajaran juga interaktif. Dosennya muda muda semua under 35th.",rumah hantu lihatlah masuk sempurna tempatnya bagus ruangannya bagus full ac dimana perpusnya bagus dosennya ramah ramah komunikatif pokoknya ga nyesel kuliah pembelajaran interaktif dosennya muda muda under 35th,rumah hantu lihat masuk sempurna tempat bagus ruang bagus full ac mana pus bagus dosen ramah ramah komunikatif pokok ga nyesel kuliah ajar interaktif dosen muda muda under 35th,"['rumah', 'hantu', 'lihat', 'masuk', 'sempurna', 'tempat', 'bagus', 'ruang', 'bagus', 'full', 'ac', 'mana', 'pus', 'bagus', 'dosen', 'ramah', 'ramah', 'komunikatif', 'pokok', 'ga', 'nyesel', 'kuliah', 'ajar', 'interaktif', 'dosen', 'muda', 'muda', 'under', '35th']","['rumah', 'hantu', 'lihat', 'masuk', 'sempurna', 'tempat', 'bagus', 'ruang', 'bagus', 'full', 'ac', 'mana', 'pus', 'bagus', 'dosen', 'ramah', 'ramah', 'komunikatif', 'pokok', 'ga', 'nyesel', 'kuliah', 'ajar', 'interaktif', 'dosen', 'muda', 'muda', 'under', '35th']"
Miftah NG,5.0,"Unik. Kampus ""heritage"" pertama yang pernah saya datangi. Area bekas pabrik Semen Gresik yang dipindah ke Tuban. Para mahasiswa & staf ramahÂ². Perpustakaan & fasilitas lainnya mantap. Adem kalau sudah masuk ke gedungnya.
Harus mampir kesini. Instagramable. (Sept. 2019)",unik kampus heritage datangi area bekas pabrik semen gresik dipindah tuban mahasiswa staf ramah perpustakaan fasilitas mantap adem masuk gedungnya mampir kesini instagramable sept 2019,unik kampus heritage datang area bekas pabrik semen gresik pindah tuban mahasiswa staf ramah pustaka fasilitas mantap adem masuk gedung mampir kesini instagramable sept 2019,"['unik', 'kampus', 'heritage', 'datang', 'area', 'bekas', 'pabrik', 'semen', 'gresik', 'pindah', 'tuban', 'mahasiswa', 'staf', 'ramah', 'pustaka', 'fasilitas', 'mantap', 'adem', 'masuk', 'gedung', 'mampir', 'kesini', 'instagramable', 'sept', '2019']","['unik', 'kampus', 'heritage', 'datang', 'area', 'bekas', 'pabrik', 'semen', 'gresik', 'pindah', 'tuban', 'mahasiswa', 'staf', 'ramah', 'pustaka', 'fasilitas', 'mantap', 'adem', 'masuk', 'gedung', 'mampir', 'kesini', 'instagramable', 'sept', '2019']"
Hafiz Nafi'uddin,3.0,"Universitasnya sangat bagus, tapi lebih diperhatikan untuk yang dikampus 2, jalannya agak licin dan berpasir jadi ditikungan mudah jatuh, ğŸ™
Terima Kasih untuk dosenÂ² dan Mahasiswa yang sangat membantu dan sangat baik sudah mau membantu seluruh proses belajar sampai selesai, ğŸ™",universitasnya bagus diperhatikan dikampus 2 jalannya licin berpasir ditikungan mudah jatuh terima kasih dosen mahasiswa membantu membantu proses belajar selesai ,universitas bagus perhati kampus 2 jalan licin pasir tikung mudah jatuh terima kasih dosen mahasiswa bantu bantu proses ajar selesai,"['universitas', 'bagus', 'perhati', 'kampus', '2', 'jalan', 'licin', 'pasir', 'tikung', 'mudah', 'jatuh', 'terima', 'kasih', 'dosen', 'mahasiswa', 'bantu', 'bantu', 'proses', 'ajar', 'selesai']","['universitas', 'bagus', 'perhati', 'kampus', '2', 'jalan', 'licin', 'pasir', 'tikung', 'mudah', 'jatuh', 'terima', 'kasih', 'dosen', 'mahasiswa', 'bantu', 'bantu', 'proses', 'ajar', 'selesai']"
Chandra Bintang,1.0,"Hati-hati dengan dosen gadungan yang bernama ""OKTAVIAN ZULFIKY"" yang mengaku bekerja di UISI dan terbukti telah memalsukan gelar S2 nya.",hatihati dosen gadungan bernama oktavian zulfiky mengaku uisi terbukti memalsukan gelar s2,hatihati dosen gadungan nama oktavian zulfiky aku uis bukti palsu gelar s2,"['hatihati', 'dosen', 'gadungan', 'nama', 'oktavian', 'zulfiky', 'aku', 'uis', 'bukti', 'palsu', 'gelar', 's2']","['hatihati', 'dosen', 'gadungan', 'nama', 'oktavian', 'zulfiky', 'aku', 'uis', 'bukti', 'palsu', 'gelar', 's2']"
Wandy Bear,3.0,"Sementara 3 bintang dulu ya min.
Min, calon mahasiswa/mahasiswi yang buka dari keluarga karyawan dan bukan lulusan dr sekolah mitra, Apakah bisa untuk daftar/masuk di UISI?",3 bintang ya min min calon mahasiswamahasiswi buka keluarga karyawan lulusan sekolah mitra daftarmasuk uisi,3 bintang ya min min calon mahasiswamahasiswi buka keluarga karyawan lulus sekolah mitra daftarmasuk uis,"['3', 'bintang', 'ya', 'min', 'min', 'calon', 'mahasiswamahasiswi', 'buka', 'keluarga', 'karyawan', 'lulus', 'sekolah', 'mitra', 'daftarmasuk', 'uis']","['3', 'bintang', 'ya', 'min', 'min', 'calon', 'mahasiswamahasiswi', 'buka', 'keluarga', 'karyawan', 'lulus', 'sekolah', 'mitra', 'daftarmasuk', 'uis']"
Fajar Rifat,2.0,"Jalan masuk untuk motor ke kampus B paving nya banyak yg rusak ngak rata min, mending di jadikan 1 saja jalan masuk untuk motor dan mobil",jalan masuk motor kampus b paving rusak ngak min mending jadikan 1 jalan masuk motor mobil,jalan masuk motor kampus b paving rusak ngak min mending jadi 1 jalan masuk motor mobil,"['jalan', 'masuk', 'motor', 'kampus', 'b', 'paving', 'rusak', 'ngak', 'min', 'mending', 'jadi', '1', 'jalan', 'masuk', 'motor', 'mobil']","['jalan', 'masuk', 'motor', 'kampus', 'b', 'paving', 'rusak', 'ngak', 'min', 'mending', 'jadi', '1', 'jalan', 'masuk', 'motor', 'mobil']"
Justin Hubner,1.0,"Dapat Orderan Go Ride Atas Nama ""Amelia S"" pada hari selasa 29 November 2022 pukul 14:56 katanya sudah menunggu di pos satpam ternyata masih jam kelas dan saya sudah nunggu hampir 1 jam di pos satpam orderan malah di cancel. Sudah di bantu beberapa mahasiswa dan mahasiswi yg lain untuk di carikan di WA temen"" prodinya tp tidak ada mungkin kebetulan bukan rekan prodinya.",orderan go ride nama amelia s selasa 29 november 2022 1456 menunggu pos satpam jam kelas nunggu 1 jam pos satpam orderan cancel bantu mahasiswa mahasiswi carikan wa temen prodinya rekan prodinya,order go ride nama amelia s selasa 29 november 2022 1456 tunggu pos satpam jam kelas nunggu 1 jam pos satpam order cancel bantu mahasiswa mahasiswi cari wa temen prodinya rekan prodinya,"['order', 'go', 'ride', 'nama', 'amelia', 's', 'selasa', '29', 'november', '2022', '1456', 'tunggu', 'pos', 'satpam', 'jam', 'kelas', 'nunggu', '1', 'jam', 'pos', 'satpam', 'order', 'cancel', 'bantu', 'mahasiswa', 'mahasiswi', 'cari', 'wa', 'temen', 'prodinya', 'rekan', 'prodinya']","['order', 'go', 'ride', 'nama', 'amelia', 's', 'selasa', '29', 'november', '2022', '1456', 'tunggu', 'pos', 'satpam', 'jam', 'kelas', 'nunggu', '1', 'jam', 'pos', 'satpam', 'order', 'cancel', 'bantu', 'mahasiswa', 'mahasiswi', 'cari', 'wa', 'temen', 'prodinya', 'rekan', 'prodinya']"
MiawLegenD_,1.0,"Kekurangan yang ada :
1. Parkiran
Ga ada parkirannya, ga ada atapnya jadi bikin ban motor sering kempes, kalo hujan helmnya jadi basah, ga ngerti lagi sama parkirannya...
2. Tangga
Akses menuju gedung 4 tangganya sangat curam dan tidak aman apalagi waktu setelah hujan licin tolong diperbaikin
3. AC
Ac dibeberapa kelas terutama di gedung 3 banyak yg tidak berfungsi dengan baik, ac nya sangat berisik dan menganggu kelas, tidak bisa diatur suhu nya kadang sangat dingin tidak bisa diturunkan suhu nya jadi menganggu kelas, jika tidak pakai AC sangat panas apalagi ini gresik. Akses menuju gedung 3,4,5 kampus A tidak ada parkiran jadi harus parkir di depan dekat kantin maka membutuhkan energi ekstra untuk menuju kelas sampai dikelas malah AC nya bermasalahğŸ˜Š
4. Kantin dan mushollah
Untuk kampus A lagi, untuk kantin nya bagi petugas kebersihan kampus harap dibersihkan karena menurut saya cukup kotor bagi tempat makan dan istirahat,
Kantinya di siang hari sangat panas mungkin karena atapnya yang besi, Kemudian untuk musholla, mungkin bisa direnovasi agar lebih bisa disebut mushollah karena ini tempat ibadah. Lalu pada meja kantin terdapat beberapa stopkontak yang tidak berfungsi dan besinya sudah berkarat dan mushala tempat wudhu perempuan kalau sudah maghrib tidak ada lampunya sehingga gelap dan terpaksa menggunakan flash HP.

Sangat tolong UKT tidak murah dan saya berharap mendapatkan fasilitas yang layak seperti kampus yang lain â˜ºï¸

Edit ulasan : GA ADA SAMA SEKALII PERUBAHAN!! CUMAN DIKASIH LAMPU DOANG DIMUSHOLA ! PLIS LAH PARKIRAN, GA ADA PARKIRANNYA.",kekurangan 1 parkiran ga parkirannya ga atapnya bikin ban motor kempes hujan helmnya basah ga ngerti parkirannya 2 tangga akses gedung 4 tangganya curam aman hujan licin tolong diperbaikin 3 ac ac dibeberapa kelas gedung 3 berfungsi ac berisik menganggu kelas diatur suhu kadang dingin diturunkan suhu menganggu kelas pakai ac panas gresik akses gedung 345 kampus a parkiran parkir kantin membutuhkan energi ekstra kelas dikelas ac bermasalah 4 kantin mushollah kampus a kantin petugas kebersihan kampus harap dibersihkan kotor makan istirahat kantinya siang panas atapnya besi musholla direnovasi mushollah ibadah meja kantin stopkontak berfungsi besinya berkarat mushala wudhu perempuan maghrib lampunya gelap terpaksa flash hp tolong ukt murah berharap fasilitas layak kampus edit ulasan ga sekalii perubahan cuman dikasih lampu doang dimushola plis parkiran ga parkirannya,kurang 1 parkir ga parkir ga atap bikin ban motor kempes hujan helm basah ga ngerti parkir 2 tangga akses gedung 4 tangga curam aman hujan licin tolong diperbaikin 3 ac ac beberapa kelas gedung 3 fungsi ac berisik menganggu kelas atur suhu kadang dingin turun suhu menganggu kelas pakai ac panas gresik akses gedung 345 kampus a parkir parkir kantin butuh energi ekstra kelas kelas ac masalah 4 kantin mushollah kampus a kantin tugas bersih kampus harap bersih kotor makan istirahat kanti siang panas atap besi musholla renovasi mushollah ibadah meja kantin stopkontak fungsi besi karat mushala wudhu perempuan maghrib lampu gelap paksa flash hp tolong ukt murah harap fasilitas layak kampus edit ulas ga sekali ubah cuman kasih lampu doang dimushola plis parkir ga parkir,"['kurang', '1', 'parkir', 'ga', 'parkir', 'ga', 'atap', 'bikin', 'ban', 'motor', 'kempes', 'hujan', 'helm', 'basah', 'ga', 'ngerti', 'parkir', '2', 'tangga', 'akses', 'gedung', '4', 'tangga', 'curam', 'aman', 'hujan', 'licin', 'tolong', 'diperbaikin', '3', 'ac', 'ac', 'beberapa', 'kelas', 'gedung', '3', 'fungsi', 'ac', 'berisik', 'menganggu', 'kelas', 'atur', 'suhu', 'kadang', 'dingin', 'turun', 'suhu', 'menganggu', 'kelas', 'pakai', 'ac', 'panas', 'gresik', 'akses', 'gedung', '345', 'kampus', 'a', 'parkir', 'parkir', 'kantin', 'butuh', 'energi', 'ekstra', 'kelas', 'kelas', 'ac', 'masalah', '4', 'kantin', 'mushollah', 'kampus', 'a', 'kantin', 'tugas', 'bersih', 'kampus', 'harap', 'bersih', 'kotor', 'makan', 'istirahat', 'kanti', 'siang', 'panas', 'atap', 'besi', 'musholla', 'renovasi', 'mushollah', 'ibadah', 'meja', 'kantin', 'stopkontak', 'fungsi', 'besi', 'karat', 'mushala', 'wudhu', 'perempuan', 'maghrib', 'lampu', 'gelap', 'paksa', 'flash', 'hp', 'tolong', 'ukt', 'murah', 'harap', 'fasilitas', 'layak', 'kampus', 'edit', 'ulas', 'ga', 'sekali', 'ubah', 'cuman', 'kasih', 'lampu', 'doang', 'dimushola', 'plis', 'parkir', 'ga', 'parkir']","['kurang', '1', 'parkir', 'ga', 'parkir', 'ga', 'atap', 'bikin', 'ban', 'motor', 'kempes', 'hujan', 'helm', 'basah', 'ga', 'ngerti', 'parkir', '2', 'tangga', 'akses', 'gedung', '4', 'tangga', 'curam', 'aman', 'hujan', 'licin', 'tolong', 'diperbaikin', '3', 'ac', 'ac', 'beberapa', 'kelas', 'gedung', '3', 'fungsi', 'ac', 'berisik', 'menganggu', 'kelas', 'atur', 'suhu', 'kadang', 'dingin', 'turun', 'suhu', 'menganggu', 'kelas', 'pakai', 'ac', 'panas', 'gresik', 'akses', 'gedung', '345', 'kampus', 'a', 'parkir', 'parkir', 'kantin', 'butuh', 'energi', 'ekstra', 'kelas', 'kelas', 'ac', 'masalah', '4', 'kantin', 'mushollah', 'kampus', 'a', 'kantin', 'tugas', 'bersih', 'kampus', 'harap', 'bersih', 'kotor', 'makan', 'istirahat', 'kanti', 'siang', 'panas', 'atap', 'besi', 'musholla', 'renovasi', 'mushollah', 'ibadah', 'meja', 'kantin', 'stopkontak', 'fungsi', 'besi', 'karat', 'mushala', 'wudhu', 'perempuan', 'maghrib', 'lampu', 'gelap', 'paksa', 'flash', 'hp', 'tolong', 'ukt', 'murah', 'harap', 'fasilitas', 'layak', 'kampus', 'edit', 'ulas', 'ga', 'sekali', 'ubah', 'cuman', 'kasih', 'lampu', 'doang', 'dimushola', 'plis', 'parkir', 'ga', 'parkir']"
thandmustedi Pur,1.0,"1. Syarat pendaftaran kurang terperinci dan sistematis
2. Kurikulum perlu diinformasikan dg suatu harapan calon mahasiswa yg ingin mendaftar tahu, apa yg akan diberikan pihak kampus terhadap mahasiswa. (Mahasiswa mau didesaian menjadi lulusan seperti apa)
3. Karena ujungnya kuliah setelah lulus itu kerja, maka  jaminan apa yg bisa diberikan kampus terhadap kelulusannya. (Kl hanya sekedar meluluskan tanpa memberikan solusi/peluang kerja, tdk ada bedanya dg kebanyakan kampus yg hanya meluluskan pada akhirnya masih dipusingkan dg mencari kerja...)
4. Keunggulan-keunggulan apa yg bisa diberikan kampus terhadap mahasiswanya?
5. Maaf, bisa belajar dr PT lain bagaimana cara menginformasikan lebih lugas.
Sebenarnya masih banyak yg ingin saya sampaikan tapi untuk sementara cukup 5 hal itu, yg saya anggap masih perlu ditingkatkan.
Demikian yg bisa saya informasikan, mudah-mudah dapat dijadikan masukan.
Bravo Edi Purwanta moxer",1 syarat pendaftaran terperinci sistematis 2 kurikulum diinformasikan harapan calon mahasiswa mendaftar kampus mahasiswa mahasiswa didesaian lulusan 3 ujungnya kuliah lulus kerja jaminan kampus kelulusannya sekedar meluluskan solusipeluang kerja bedanya kebanyakan kampus meluluskan dipusingkan mencari kerja 4 keunggulankeunggulan kampus mahasiswanya 5 maaf belajar pt menginformasikan lugas 5 anggap ditingkatkan informasikan mudahmudah dijadikan masukan bravo edi purwanta moxer,1 syarat daftar perinci sistematis 2 kurikulum informasi harap calon mahasiswa daftar kampus mahasiswa mahasiswa didesaian lulus 3 ujung kuliah lulus kerja jamin kampus kelulus dar lulus solusipeluang kerja beda banyak kampus lulus pusing cari kerja 4 keunggulankeunggulan kampus mahasiswa 5 maaf ajar pt informasi lugas 5 anggap tingkat informasi mudahmudah jadi masuk bravo edi purwanta moxer,"['1', 'syarat', 'daftar', 'perinci', 'sistematis', '2', 'kurikulum', 'informasi', 'harap', 'calon', 'mahasiswa', 'daftar', 'kampus', 'mahasiswa', 'mahasiswa', 'didesaian', 'lulus', '3', 'ujung', 'kuliah', 'lulus', 'kerja', 'jamin', 'kampus', 'kelulus', 'dar', 'lulus', 'solusipeluang', 'kerja', 'beda', 'banyak', 'kampus', 'lulus', 'pusing', 'cari', 'kerja', '4', 'keunggulankeunggulan', 'kampus', 'mahasiswa', '5', 'maaf', 'ajar', 'pt', 'informasi', 'lugas', '5', 'anggap', 'tingkat', 'informasi', 'mudahmudah', 'jadi', 'masuk', 'bravo', 'edi', 'purwanta', 'moxer']","['1', 'syarat', 'daftar', 'perinci', 'sistematis', '2', 'kurikulum', 'informasi', 'harap', 'calon', 'mahasiswa', 'daftar', 'kampus', 'mahasiswa', 'mahasiswa', 'didesaian', 'lulus', '3', 'ujung', 'kuliah', 'lulus', 'kerja', 'jamin', 'kampus', 'kelulus', 'dar', 'lulus', 'solusipeluang', 'kerja', 'beda', 'banyak', 'kampus', 'lulus', 'pusing', 'cari', 'kerja', '4', 'keunggulankeunggulan', 'kampus', 'mahasiswa', '5', 'maaf', 'ajar', 'pt', 'informasi', 'lugas', '5', 'anggap', 'tingkat', 'informasi', 'mudahmudah', 'jadi', 'masuk', 'bravo', 'edi', 'purwanta', 'moxer']"
Nurtoha Mr,4.0,"Lokasinya cukup Sejuk, asri dan bersih, banyak pohon2 yg rindang, Tempat parkir juga luas, ada Musholla, warung2 makan..
Pokoknya asik utk Belajar",lokasinya sejuk asri bersih pohon2 rindang parkir luas musholla warung2 makan pokoknya asik belajar,lokasi sejuk asri bersih pohon2 rindang parkir luas musholla warung2 makan pokok asik ajar,"['lokasi', 'sejuk', 'asri', 'bersih', 'pohon2', 'rindang', 'parkir', 'luas', 'musholla', 'warung2', 'makan', 'pokok', 'asik', 'ajar']","['lokasi', 'sejuk', 'asri', 'bersih', 'pohon2', 'rindang', 'parkir', 'luas', 'musholla', 'warung2', 'makan', 'pokok', 'asik', 'ajar']"
Achmad Sofyan Tsauri,5.0,"Bukan hanya fasilitasnya saja yang menjadikan mahasiswa menjadi manusia seutuhnya, tapi pembelajaran yang memanusiakan manusialah yang membentuk manusia seutuhnya. Karena manusia adalah subjek perubahan, sehingga menjadi bagian utama dalam pelaku pembelajaran. Hal itu telah dibuktikan, selanjutnya pilihan masing-maisng untuk melanjutkan. Menjadi generasi emas di lembah penuh harta karun. Menginternasionlakan Indonesia.",fasilitasnya menjadikan mahasiswa manusia seutuhnya pembelajaran memanusiakan manusialah membentuk manusia seutuhnya manusia subjek perubahan utama pelaku pembelajaran dibuktikan pilihan masingmaisng melanjutkan generasi emas lembah penuh harta karun menginternasionlakan indonesia,fasilitas jadi mahasiswa manusia utuh ajar manusia manusia bentuk manusia utuh manusia subjek ubah utama laku ajar bukti pilih masingmaisng lanjut generasi emas lembah penuh harta karun menginternasionlakan indonesia,"['fasilitas', 'jadi', 'mahasiswa', 'manusia', 'utuh', 'ajar', 'manusia', 'manusia', 'bentuk', 'manusia', 'utuh', 'manusia', 'subjek', 'ubah', 'utama', 'laku', 'ajar', 'bukti', 'pilih', 'masingmaisng', 'lanjut', 'generasi', 'emas', 'lembah', 'penuh', 'harta', 'karun', 'menginternasionlakan', 'indonesia']","['fasilitas', 'jadi', 'mahasiswa', 'manusia', 'utuh', 'ajar', 'manusia', 'manusia', 'bentuk', 'manusia', 'utuh', 'manusia', 'subjek', 'ubah', 'utama', 'laku', 'ajar', 'bukti', 'pilih', 'masingmaisng', 'lanjut', 'generasi', 'emas', 'lembah', 'penuh', 'harta', 'karun', 'menginternasionlakan', 'indonesia']"
ali sugiarto,4.0,"Perguruan tinggi swasta di gresik dan baru beberapa tahun, namun sdh go internasional, dan penyebaran mahasiswa baru dari semua propinsi se Indonesia",perguruan swasta gresik go internasional penyebaran mahasiswa propinsi indonesia,guru swasta gresik go internasional sebar mahasiswa propinsi indonesia,"['guru', 'swasta', 'gresik', 'go', 'internasional', 'sebar', 'mahasiswa', 'propinsi', 'indonesia']","['guru', 'swasta', 'gresik', 'go', 'internasional', 'sebar', 'mahasiswa', 'propinsi', 'indonesia']"
Asdi Prasetyo,5.0,"Lokasi yang unik, Satu-satunya di Indonesia kampus menyulap bangunan ex Pabrik Semen menjadi wadah pendidikan tinggi yang bertaraf Internasionl",lokasi unik satusatunya indonesia kampus menyulap bangunan ex pabrik semen wadah pendidikan bertaraf internasionl,lokasi unik satusatunya indonesia kampus sulap bangun ex pabrik semen wadah didik taraf internasionl,"['lokasi', 'unik', 'satusatunya', 'indonesia', 'kampus', 'sulap', 'bangun', 'ex', 'pabrik', 'semen', 'wadah', 'didik', 'taraf', 'internasionl']","['lokasi', 'unik', 'satusatunya', 'indonesia', 'kampus', 'sulap', 'bangun', 'ex', 'pabrik', 'semen', 'wadah', 'didik', 'taraf', 'internasionl']"
Edhy Triono,5.0,"tempatnya lumayan keren, lokasi ada di dalam pabrik semen, parkiran juga luas, banyak pohon besar dan tinggi",tempatnya lumayan keren lokasi pabrik semen parkiran luas pohon,tempat lumayan keren lokasi pabrik semen parkir luas pohon,"['tempat', 'lumayan', 'keren', 'lokasi', 'pabrik', 'semen', 'parkir', 'luas', 'pohon']","['tempat', 'lumayan', 'keren', 'lokasi', 'pabrik', 'semen', 'parkir', 'luas', 'pohon']"
Naufal Maulana,5.0,Sangat baik,,,[],[]
Vardian Bagus,5.0,Kampus UISI adalah Campus kebanggaan anak kami dan  genersi muda yang berusaha mencari ilmu yang bermanfaat aamiin,kampus uisi campus kebanggaan anak genersi muda berusaha mencari ilmu bermanfaat aamiin,kampus uis campus bangga anak genersi muda usaha cari ilmu manfaat aamiin,"['kampus', 'uis', 'campus', 'bangga', 'anak', 'genersi', 'muda', 'usaha', 'cari', 'ilmu', 'manfaat', 'aamiin']","['kampus', 'uis', 'campus', 'bangga', 'anak', 'genersi', 'muda', 'usaha', 'cari', 'ilmu', 'manfaat', 'aamiin']"
Cat â€œThe Travelerâ€,5.0,Kampusnya ada 2 lokasi yang di jl veteran sini. Kampus A dan kampus B tempat perpus instagramable,kampusnya 2 lokasi jl veteran kampus a kampus b perpus instagramable,kampus 2 lokasi jl veteran kampus a kampus b pus instagramable,"['kampus', '2', 'lokasi', 'jl', 'veteran', 'kampus', 'a', 'kampus', 'b', 'pus', 'instagramable']","['kampus', '2', 'lokasi', 'jl', 'veteran', 'kampus', 'a', 'kampus', 'b', 'pus', 'instagramable']"
moch khausar,5.0,"Tangyu orderan laptop thinkpadnya, ditunggu orderannya lagi ğŸ˜ŠğŸ˜Š",tangyu orderan laptop thinkpadnya ditunggu orderannya ,tangyu order laptop thinkpadnya tunggu order,"['tangyu', 'order', 'laptop', 'thinkpadnya', 'tunggu', 'order']","['tangyu', 'order', 'laptop', 'thinkpadnya', 'tunggu', 'order']"
ali bogem,4.0,ada jurusan apa saja ya,jurusan ya,jurus ya,"['jurus', 'ya']","['jurus', 'ya']"
Fadhilah Dwiestri Handayani,5.0,"Termasuk kampus terbaik di Gresik, dengan nuansa industrial nya dapet banget",kampus terbaik gresik nuansa industrial dapet banget,kampus baik gresik nuansa industrial dapet banget,"['kampus', 'baik', 'gresik', 'nuansa', 'industrial', 'dapet', 'banget']","['kampus', 'baik', 'gresik', 'nuansa', 'industrial', 'dapet', 'banget']"
hanifa fatma,5.0,"Beda dengan kampus lain, keren. Banyak pengembangan softskill atau hardskill disini.",beda kampus keren pengembangan softskill hardskill,beda kampus keren kembang softskill hardskill,"['beda', 'kampus', 'keren', 'kembang', 'softskill', 'hardskill']","['beda', 'kampus', 'keren', 'kembang', 'softskill', 'hardskill']"
Indro Warkop,5.0,kampus luas.. megah,kampus luas megah,kampus luas megah,"['kampus', 'luas', 'megah']","['kampus', 'luas', 'megah']"
Yunita Mardhiyyah,5.0,"Kampus baru di Gresik, swasta tapi bagus. Pengajarannya berkualitas, seperti PTN bahkan.",kampus gresik swasta bagus pengajarannya berkualitas ptn,kampus gresik swasta bagus ajar kualitas ptn,"['kampus', 'gresik', 'swasta', 'bagus', 'ajar', 'kualitas', 'ptn']","['kampus', 'gresik', 'swasta', 'bagus', 'ajar', 'kualitas', 'ptn']"
lily mooi,5.0,Kampus yang berbasis korporasi. Salah satu Universitas terbaik yang ada di Gresik.,kampus berbasis korporasi salah universitas terbaik gresik,kampus bas korporasi salah universitas baik gresik,"['kampus', 'bas', 'korporasi', 'salah', 'universitas', 'baik', 'gresik']","['kampus', 'bas', 'korporasi', 'salah', 'universitas', 'baik', 'gresik']"
Achmad Zainul Muttaqin,5.0,Fasilitas lengkap,fasilitas lengkap,fasilitas lengkap,"['fasilitas', 'lengkap']","['fasilitas', 'lengkap']"
IMNYA umm what ever,5.0,"Kampus serasa Pubg ğŸ˜‚

Kampus pubg check",kampus serasa pubg kampus pubg check,kampus serasa pubg kampus pubg check,"['kampus', 'serasa', 'pubg', 'kampus', 'pubg', 'check']","['kampus', 'serasa', 'pubg', 'kampus', 'pubg', 'check']"
Conan Saputra,5.0,bismillah dan alhamdulillah bisa kuliah disini... :D #ProudToBeSTiMSI,bismillah alhamdulillah kuliah d proudtobestimsi,bismillah alhamdulillah kuliah d proudtobestimsi,"['bismillah', 'alhamdulillah', 'kuliah', 'd', 'proudtobestimsi']","['bismillah', 'alhamdulillah', 'kuliah', 'd', 'proudtobestimsi']"
Ida Silvia,5.0,Bangga jadi bagian kampus ini ğŸ‘ keep crafting the excellent,bangga kampus keep crafting the excellent,bangga kampus keep crafting the excellent,"['bangga', 'kampus', 'keep', 'crafting', 'the', 'excellent']","['bangga', 'kampus', 'keep', 'crafting', 'the', 'excellent']"
Abdul Halim,5.0,Kampus baru namun melejit prestasinya.,kampus melejit prestasinya,kampus lejit prestasi,"['kampus', 'lejit', 'prestasi']","['kampus', 'lejit', 'prestasi']"
Pri Hinkap,4.0,Beruntung yang bisa kuliah di sini. Masa depan cerah menanti.,beruntung kuliah cerah,untung kuliah cerah,"['untung', 'kuliah', 'cerah']","['untung', 'kuliah', 'cerah']"
Putri Ciprut,5.0,UISI  perfect...,uisi perfect,uis perfect,"['uis', 'perfect']","['uis', 'perfect']"
LUKE Lifting,5.0,Universitas terbaik di kota gresik,universitas terbaik kota gresik,universitas baik kota gresik,"['universitas', 'baik', 'kota', 'gresik']","['universitas', 'baik', 'kota', 'gresik']"
Kwu Manajemen,5.0,"Kampus the best, pilihan dan internasional .",kampus the best pilihan internasional,kampus the best pilih internasional,"['kampus', 'the', 'best', 'pilih', 'internasional']","['kampus', 'the', 'best', 'pilih', 'internasional']"
Copler Madura,5.0,sangat puas,puas,puas,['puas'],['puas']
Fahmi Nandip,5.0,"Tempatnya adem, asri, sejuk.",tempatnya adem asri sejuk,tempat adem asri sejuk,"['tempat', 'adem', 'asri', 'sejuk']","['tempat', 'adem', 'asri', 'sejuk']"
Hendrik Nur cahya,4.0,Arsitektur bangunan kampus bagus banget,arsitektur bangunan kampus bagus banget,arsitektur bangun kampus bagus banget,"['arsitektur', 'bangun', 'kampus', 'bagus', 'banget']","['arsitektur', 'bangun', 'kampus', 'bagus', 'banget']"
Sekarsari Utami Wijaya,5.0,Kampus Heritages pertama di Indonesia...,kampus heritages indonesia,kampus heritages indonesia,"['kampus', 'heritages', 'indonesia']","['kampus', 'heritages', 'indonesia']"
mreza pp,5.0,kampus internasional terbaik di indonesia,kampus internasional terbaik indonesia,kampus internasional baik indonesia,"['kampus', 'internasional', 'baik', 'indonesia']","['kampus', 'internasional', 'baik', 'indonesia']"
Hassan Asyrori,5.0,Sangat menarik,menarik,tarik,['tarik'],['tarik']
Putri Mas Cendhani Prasetyo,5.0,Fasilitas terbaikk,fasilitas terbaikk,fasilitas terbaikk,"['fasilitas', 'terbaikk']","['fasilitas', 'terbaikk']"
Danyputra Dany,4.0,Cari ilmu coz bisa kerjaa,cari ilmu coz kerjaa,cari ilmu coz kerjaa,"['cari', 'ilmu', 'coz', 'kerjaa']","['cari', 'ilmu', 'coz', 'kerjaa']"
Mukhammad Yunus,5.0,Semakin kokoh tak tertandingi,kokoh tertandingi,kokoh tanding,"['kokoh', 'tanding']","['kokoh', 'tanding']"
Sherpa Camp,5.0,Kampus dengan sistem manajemen modern.,kampus sistem manajemen modern,kampus sistem manajemen modern,"['kampus', 'sistem', 'manajemen', 'modern']","['kampus', 'sistem', 'manajemen', 'modern']"
Deny Prasetyo,5.0,universitas nya bagus,universitas bagus,universitas bagus,"['universitas', 'bagus']","['universitas', 'bagus']"
Carina Jihadda,5.0,Universitas yang sangat bagus,universitas bagus,universitas bagus,"['universitas', 'bagus']","['universitas', 'bagus']"
Miftakhur Rohman,5.0,Sangat bagus,bagus,bagus,['bagus'],['bagus']
Nuhan Herling,4.0,Sekarang memiliki kampus,memiliki kampus,milik kampus,"['milik', 'kampus']","['milik', 'kampus']"
Laptop Gresik,5.0,akreditasi lumayan bagus,akreditasi lumayan bagus,akreditasi lumayan bagus,"['akreditasi', 'lumayan', 'bagus']","['akreditasi', 'lumayan', 'bagus']"
wahyudi yudi,5.0,KAMPUS UISI GRESIK,kampus uisi gresik,kampus uis gresik,"['kampus', 'uis', 'gresik']","['kampus', 'uis', 'gresik']"
Prasetyo Teguh Wahyudi,5.0,Kampusnya Orang Gresik,kampusnya orang gresik,kampus orang gresik,"['kampus', 'orang', 'gresik']","['kampus', 'orang', 'gresik']"
Aurel Maulida9oi,5.0,Bagus banget,bagus banget,bagus banget,"['bagus', 'banget']","['bagus', 'banget']"
Ahmad Taufiq,4.0,kampus favorit di gresik,kampus favorit gresik,kampus favorit gresik,"['kampus', 'favorit', 'gresik']","['kampus', 'favorit', 'gresik']"
Khasan Nadhif,5.0,Kampus berbasis korporasi.,kampus berbasis korporasi,kampus bas korporasi,"['kampus', 'bas', 'korporasi']","['kampus', 'bas', 'korporasi']"
ridwan yahya m,4.0,Universitas internasional semen indonesia,universitas internasional semen indonesia,universitas internasional semen indonesia,"['universitas', 'internasional', 'semen', 'indonesia']","['universitas', 'internasional', 'semen', 'indonesia']"
afiful mahmudah,4.0,Pengen kuliah disiniğŸ˜ğŸ˜ğŸ˜ğŸ˜,pengen kuliah disini ,ken kuliah sini,"['ken', 'kuliah', 'sini']","['ken', 'kuliah', 'sini']"
Putera Sadiq Rahman,5.0,Mudahan masuk :-),mudahan masuk,mudah masuk,"['mudah', 'masuk']","['mudah', 'masuk']"
fatimatus zahra,5.0,mantap,mantap,mantap,['mantap'],['mantap']
Makki Com,5.0,Best kampus,best kampus,best kampus,"['best', 'kampus']","['best', 'kampus']"
Zuhal Syam,5.0,internasional,internasional,internasional,['internasional'],['internasional']
Yoga Dharmawan,5.0,"Uniqe campus, especially its Campus B which transformed from ex Cement Coal Mill. Gain many experiences directly from experts from PT Semen Indonesia through both lectures and work learning",uniqe campus especially its campus b which transformed from ex cement coal mill gain many experiences directly from experts from pt semen indonesia through both lectures and work learning,uniqe campus especially its campus b which transformed from ex cement coal mill gain many experiences directly from experts from pt semen indonesia through both lectures and work learning,"['uniqe', 'campus', 'especially', 'its', 'campus', 'b', 'which', 'transformed', 'from', 'ex', 'cement', 'coal', 'mill', 'gain', 'many', 'experiences', 'directly', 'from', 'experts', 'from', 'pt', 'semen', 'indonesia', 'through', 'both', 'lectures', 'and', 'work', 'learning']","['uniqe', 'campus', 'especially', 'its', 'campus', 'b', 'which', 'transformed', 'from', 'ex', 'cement', 'coal', 'mill', 'gain', 'many', 'experiences', 'directly', 'from', 'experts', 'from', 'pt', 'semen', 'indonesia', 'through', 'both', 'lectures', 'and', 'work', 'learning']"
å¸å…‹è«¾,5.0,I truly impressed with the beautiful and comfortable scene of this campus.,i truly impressed with the beautiful and comfortable scene of this campus,i truly impressed with the beautiful and comfortable scene of this campus,"['i', 'truly', 'impressed', 'with', 'the', 'beautiful', 'and', 'comfortable', 'scene', 'of', 'this', 'campus']","['i', 'truly', 'impressed', 'with', 'the', 'beautiful', 'and', 'comfortable', 'scene', 'of', 'this', 'campus']"
Ikrar Nusa Bakti,5.0,ğŸ‘, ,,[],[]
Diyanto Alie,5.0,Still in new University but a lot facilities,still in new university but a lot,still in new university but a lot,"['still', 'in', 'new', 'university', 'but', 'a', 'lot']","['still', 'in', 'new', 'university', 'but', 'a', 'lot']"
Ahmad Hudaifah,5.0,Homy reputable private university,university,university,['university'],['university']
teddy fauzi,5.0,Niceeee,,,[],[]
Zain Afif,4.0,Stimsi,,,[],[]
Woodsett Indonesia,5.0,Good campus,good campus,good campus,"['good', 'campus']","['good', 'campus']"
Ainun N Rahayu,5.0,Tekkim dabestğŸ’•ğŸ‘Œ,,,[],[]
Achmad Choiri,5.0,With good people,with good,with good,"['with', 'good']","['with', 'good']"
Ahmad Asrofi,5.0,good,good,good,['good'],['good']
Andi Zulfikar D,5.0,Crafting the Excellent,crafting the excellent,crafting the excellent,"['crafting', 'the', 'excellent']","['crafting', 'the', 'excellent']"
